{
  "project_info": {
    "project_number": "938796107029",
    "firebase_url": "https://fir-1b726.firebaseio.com",
    "project_id": "fir-1b726",
    "storage_bucket": "fir-1b726.appspot.com"
  },
  "client": [
    {
      "client_info": {
        "mobilesdk_app_id": "1:938796107029:android:29a4c0e821ce858fadd51c",
        "android_client_info": {
          "package_name": "com.example.myapplication2"
        }
      },
      "oauth_client": [
        {
          "client_id": "938796107029-q1voiq4t79j2ih0mb455escup87t8rrr.apps.googleusercontent.com",
          "client_type": 3
        }
      ],
      "api_key": [
        {
          "current_key": "AIzaSyAKLFHQU8mEoU8FrQU2JH5I6fxOJTEk5PM"
        }
      ],
      "services": {
        "appinvite_service": {
          "other_platform_oauth_client": [
            {
              "client_id": "938796107029-q1voiq4t79j2ih0mb455escup87t8rrr.apps.googleusercontent.com",
              "client_type": 3
            }
          ]
        }
      }
    }
  ],
  "configuration_version": "1"
}